<?xml version="1.0" encoding="UTF-8"?>
<ProductCmpt productCmptType="hausrat.HausratProdukt" runtimeId="hausrat.HR-Kompakt 2012-01" xml:space="preserve">
    <validTo isNull="true"/>
    <Description id="dd7042de-2345-4ffd-b85b-c603953b9484" locale="de"/>
    <Generation id="bf79beae-a520-4f63-8fe0-3ff81c82e8de" validFrom="2012-01-01">
        <AttributeValue attribute="produktname" id="6d71ec50-0b69-4a3f-83dc-e6fddabbade4">
            <Value isNull="false">HR-Kompakt</Value>
        </AttributeValue>
        <AttributeValue attribute="vertriebsname" id="3271b41d-54f3-4ecb-a828-23c49e2092ad">
            <Value isNull="false">Hausrat Kompakt</Value>
        </AttributeValue>
        <AttributeValue attribute="vorschlagVersSummeProQm" id="63fb82c0-5973-4704-95e4-3c734f618e21">
            <Value isNull="false">600.00 EUR</Value>
        </AttributeValue>
    </Generation>
</ProductCmpt>
