<?xml version="1.0" encoding="UTF-8"?>
<ProductCmpt productCmptType="hausrat.HausratGrunddeckungsTyp" runtimeId="hausrat.HRD-Optimal 2012-01" xml:space="preserve">
    <validTo isNull="true"/>
    <Description id="df6a8d10-3aa9-4fa1-9d68-a04241b00809" locale="de"/>
    <Generation id="ff68da3d-8d90-4fc0-a379-21e44a4c1100" validFrom="2012-01-01">
        <TableContentUsage id="5dd1f1c9-8225-40fb-b8a6-eb30ac4ba207" structureUsage="Tariftabelle">
            <TableContentName isNull="false">produkte.Tariftabelle-Optimal</TableContentName>
        </TableContentUsage>
    </Generation>
</ProductCmpt>
