<?xml version="1.0" encoding="UTF-8"?>
<TableContents numOfColumns="2" tableStructure="hausrat.TariftabelleHausrat" xml:space="preserve">
    <validTo isNull="true"/>
    <Description id="c59da5b6-1fbb-41ff-9418-028d7a55a2ea" locale="de"/>
    <Generation id="df8dd6dc-0443-4f7f-98b7-7c666b4324cb" validFrom="2012-01-01">
        <Row id="da2c44d1-28a0-4841-81c9-15539466a28b">
            <Value isNull="false">I</Value>
            <Value isNull="false">0.6</Value>
        </Row>
        <Row id="5e288515-ace6-45b6-bc60-63c2229e08aa">
            <Value isNull="false">II</Value>
            <Value isNull="false">0.8</Value>
        </Row>
        <Row id="edd35695-48be-4a22-b492-5fc1a95f4d95">
            <Value isNull="false">III</Value>
            <Value isNull="false">1.21</Value>
        </Row>
        <Row id="03677588-2f37-4290-933c-756035cbab1d">
            <Value isNull="false">IV</Value>
            <Value isNull="false">1.5</Value>
        </Row>
        <Row id="7709a710-38f5-4aef-97cf-109e2f981846">
            <Value isNull="false">V</Value>
            <Value isNull="false">1.8</Value>
        </Row>
        <Row id="a0afb99f-9076-4b2a-9b99-92271809e2c2">
            <Value isNull="false">VI</Value>
            <Value isNull="false">2</Value>
        </Row>
    </Generation>
</TableContents>
