<?xml version="1.0" encoding="UTF-8"?>
<ModelType class="org.faktorips.schulung.model.internal.hausrat.HausratVertrag" name="hausrat.HausratVertrag" supertype="" xml:space="preserve">
    <Labels>
        <Label locale="de" value=""/>
    </Labels>
    <Descriptions>
        <Description locale="de"/>
    </Descriptions>
    <ExtensionProperties/>
    <ModelTypeAssociations>
        <ModelTypeAssociation associationType="Composition" inverseAssociation="HausratVertrag" isDerivedUnion="true" isProductRelevant="true" isSubsetOfADerivedUnion="false" isTargetRolePluralRequired="true" maxCardinality="2147483647" minCardinality="0" name="HausratDeckung" namePlural="HausratDeckungen" target="org.faktorips.schulung.model.internal.hausrat.HausratDeckung">
            <Descriptions>
                <Description locale="de"/>
            </Descriptions>
            <Labels>
                <Label locale="de" pluralValue="" value=""/>
            </Labels>
            <ExtensionProperties/>
        </ModelTypeAssociation>
        <ModelTypeAssociation associationType="Composition" inverseAssociation="HausratVertrag" isDerivedUnion="false" isProductRelevant="true" isSubsetOfADerivedUnion="true" isTargetRolePluralRequired="false" maxCardinality="1" minCardinality="0" name="HausratGrunddeckung" namePlural="" target="org.faktorips.schulung.model.internal.hausrat.HausratGrunddeckung">
            <Descriptions>
                <Description locale="de"/>
            </Descriptions>
            <Labels>
                <Label locale="de" pluralValue="" value=""/>
            </Labels>
            <ExtensionProperties/>
        </ModelTypeAssociation>
        <ModelTypeAssociation associationType="Composition" inverseAssociation="HausratVertrag" isDerivedUnion="false" isProductRelevant="true" isSubsetOfADerivedUnion="true" isTargetRolePluralRequired="true" maxCardinality="2147483647" minCardinality="0" name="HausratZusatzdeckung" namePlural="HausratZusatzdeckungen" target="org.faktorips.schulung.model.internal.hausrat.HausratZusatzdeckung">
            <Descriptions>
                <Description locale="de"/>
            </Descriptions>
            <Labels>
                <Label locale="de" pluralValue="" value=""/>
            </Labels>
            <ExtensionProperties/>
        </ModelTypeAssociation>
    </ModelTypeAssociations>
    <ModelTypeAttributes>
        <ModelTypeAttribute attributeType="changeable" datatype="org.faktorips.schulung.model.hausrat.Zahlweise" isProductRelevant="true" name="zahlweise" valueSetType="AllValues">
            <Descriptions>
                <Description locale="de"/>
            </Descriptions>
            <Labels>
                <Label locale="de" value=""/>
            </Labels>
            <ExtensionProperties/>
        </ModelTypeAttribute>
        <ModelTypeAttribute attributeType="changeable" datatype="java.lang.String" isProductRelevant="false" name="plz" valueSetType="AllValues">
            <Descriptions>
                <Description locale="de"/>
            </Descriptions>
            <Labels>
                <Label locale="de" value=""/>
            </Labels>
            <ExtensionProperties/>
        </ModelTypeAttribute>
        <ModelTypeAttribute attributeType="derived" datatype="java.lang.String" isProductRelevant="false" name="tarifzone" valueSetType="AllValues">
            <Descriptions>
                <Description locale="de"/>
            </Descriptions>
            <Labels>
                <Label locale="de" value=""/>
            </Labels>
            <ExtensionProperties/>
        </ModelTypeAttribute>
        <ModelTypeAttribute attributeType="changeable" datatype="java.lang.Integer" isProductRelevant="true" name="wohnflaeche" valueSetType="Range">
            <Descriptions>
                <Description locale="de"/>
            </Descriptions>
            <Labels>
                <Label locale="de" value=""/>
            </Labels>
            <ExtensionProperties/>
        </ModelTypeAttribute>
        <ModelTypeAttribute attributeType="derived" datatype="org.faktorips.values.Money" isProductRelevant="false" name="vorschlagVersSumme" valueSetType="AllValues">
            <Descriptions>
                <Description locale="de"/>
            </Descriptions>
            <Labels>
                <Label locale="de" value=""/>
            </Labels>
            <ExtensionProperties/>
        </ModelTypeAttribute>
        <ModelTypeAttribute attributeType="changeable" datatype="org.faktorips.values.Money" isProductRelevant="true" name="versSumme" valueSetType="Range">
            <Descriptions>
                <Description locale="de"/>
            </Descriptions>
            <Labels>
                <Label locale="de" value=""/>
            </Labels>
            <ExtensionProperties/>
        </ModelTypeAttribute>
        <ModelTypeAttribute attributeType="changeable" datatype="java.util.GregorianCalendar" isProductRelevant="false" name="wirksamAb" valueSetType="AllValues">
            <Descriptions>
                <Description locale="de"/>
            </Descriptions>
            <Labels>
                <Label locale="de" value=""/>
            </Labels>
            <ExtensionProperties/>
        </ModelTypeAttribute>
        <ModelTypeAttribute attributeType="computed" datatype="org.faktorips.values.Money" isProductRelevant="false" name="jahresbasisbeitrag" valueSetType="AllValues">
            <Descriptions>
                <Description locale="de"/>
            </Descriptions>
            <Labels>
                <Label locale="de" value=""/>
            </Labels>
            <ExtensionProperties/>
        </ModelTypeAttribute>
    </ModelTypeAttributes>
</ModelType>
