<?xml version="1.0" encoding="UTF-8"?>
<TableContents numOfColumns="3" tableStructure="hausrat.Tarifzonentabelle" xml:space="preserve">
    <validTo isNull="true"/>
    <Description id="689abc53-8031-4d83-9919-5bcda5a83148" locale="de"/>
    <Generation id="d79b43d2-b35f-4508-9a96-5271ea5aa729" validFrom="2012-01-01">
        <Row id="3c734219-f3e4-4211-afdf-7ba19f96c0d6">
            <Value isNull="false">17235</Value>
            <Value isNull="false">17237</Value>
            <Value isNull="false">II</Value>
        </Row>
        <Row id="16d9f3a2-de25-4e42-8599-85fab448d2e7">
            <Value isNull="false">45525</Value>
            <Value isNull="false">45549</Value>
            <Value isNull="false">III</Value>
        </Row>
        <Row id="e8a91b02-5764-433d-aaa8-b2895e2222c6">
            <Value isNull="false">59174</Value>
            <Value isNull="false">59199</Value>
            <Value isNull="false">IV</Value>
        </Row>
        <Row id="9a8e1eb3-44c5-404f-8704-8e7bd6d65eb6">
            <Value isNull="false">47051</Value>
            <Value isNull="false">47279</Value>
            <Value isNull="false">V</Value>
        </Row>
        <Row id="e88a455b-7bba-46a0-8cc0-b8636c7b477e">
            <Value isNull="false">63065</Value>
            <Value isNull="false">63075</Value>
            <Value isNull="false">VI</Value>
        </Row>
    </Generation>
</TableContents>
