<?xml version="1.0" encoding="UTF-8" standalone="no"?>
<FaktorIps-TableOfContents productDataVersion="1316619589066" xmlversion="3.0">
    <ProductComponent generationImplClassName="org.faktorips.schulung.model.internal.hausrat.HausratProduktAnpStufe" implementationClass="org.faktorips.schulung.model.internal.hausrat.HausratProdukt" ipsObjectId="hausrat.HR-Kompakt 2012-01" ipsObjectQualifiedName="produkte.HR-Kompakt 2012-01" kindId="hausrat.HR-Kompakt" versionId="2012-01" xmlResource="org/faktorips/schulung/produktdaten/internal/produkte/HR-Kompakt 2012-01.xml">
        <Generation implementationClass="org.faktorips.schulung.model.internal.hausrat.HausratProduktAnpStufe" validFrom="2012-01-01" xmlResource="org/faktorips/schulung/produktdaten/internal/produkte/HR-Kompakt 2012-01.xml"/>
    </ProductComponent>
    <ProductComponent generationImplClassName="org.faktorips.schulung.model.internal.hausrat.HausratProduktAnpStufe" implementationClass="org.faktorips.schulung.model.internal.hausrat.HausratProdukt" ipsObjectId="hausrat.HR-Optimal 2012-01" ipsObjectQualifiedName="produkte.HR-Optimal 2012-01" kindId="hausrat.HR-Optimal" versionId="2012-01" xmlResource="org/faktorips/schulung/produktdaten/internal/produkte/HR-Optimal 2012-01.xml">
        <Generation implementationClass="org.faktorips.schulung.model.internal.hausrat.HausratProduktAnpStufe" validFrom="2012-01-01" xmlResource="org/faktorips/schulung/produktdaten/internal/produkte/HR-Optimal 2012-01.xml"/>
    </ProductComponent>
    <ProductComponent generationImplClassName="org.faktorips.schulung.model.internal.hausrat.HausratGrunddeckungsTypAnpStufe" implementationClass="org.faktorips.schulung.model.internal.hausrat.HausratGrunddeckungsTyp" ipsObjectId="hausrat.HRD-Kompakt 2012-01" ipsObjectQualifiedName="produkte.HRD-Kompakt 2012-01" kindId="hausrat.HRD-Kompakt" versionId="2012-01" xmlResource="org/faktorips/schulung/produktdaten/internal/produkte/HRD-Kompakt 2012-01.xml">
        <Generation implementationClass="org.faktorips.schulung.model.internal.hausrat.HausratGrunddeckungsTypAnpStufe" validFrom="2012-01-01" xmlResource="org/faktorips/schulung/produktdaten/internal/produkte/HRD-Kompakt 2012-01.xml"/>
    </ProductComponent>
    <ProductComponent generationImplClassName="org.faktorips.schulung.model.internal.hausrat.HausratGrunddeckungsTypAnpStufe" implementationClass="org.faktorips.schulung.model.internal.hausrat.HausratGrunddeckungsTyp" ipsObjectId="hausrat.HRD-Optimal 2012-01" ipsObjectQualifiedName="produkte.HRD-Optimal 2012-01" kindId="hausrat.HRD-Optimal" versionId="2012-01" xmlResource="org/faktorips/schulung/produktdaten/internal/produkte/HRD-Optimal 2012-01.xml">
        <Generation implementationClass="org.faktorips.schulung.model.internal.hausrat.HausratGrunddeckungsTypAnpStufe" validFrom="2012-01-01" xmlResource="org/faktorips/schulung/produktdaten/internal/produkte/HRD-Optimal 2012-01.xml"/>
    </ProductComponent>
    <TableContent implementationClass="org.faktorips.schulung.model.internal.hausrat.Tarifzonentabelle" ipsObjectId="produkte.Tarifzonentabelle" ipsObjectQualifiedName="produkte.Tarifzonentabelle" xmlResource="org/faktorips/schulung/produktdaten/internal/produkte/Tarifzonentabelle.xml"/>
</FaktorIps-TableOfContents>
