<?xml version="1.0" encoding="UTF-8"?>
<ModelType class="org.faktorips.schulung.model.internal.hausrat.HausratProdukt" name="hausrat.HausratProdukt" supertype="" xml:space="preserve">
    <Labels>
        <Label locale="de" value=""/>
    </Labels>
    <Descriptions>
        <Description locale="de"/>
    </Descriptions>
    <ExtensionProperties/>
    <ModelTypeAssociations>
        <ModelTypeAssociation associationType="Composition" isDerivedUnion="false" isProductRelevant="true" isSubsetOfADerivedUnion="false" isTargetRolePluralRequired="false" maxCardinality="1" minCardinality="0" name="HausratGrunddeckungsTyp" namePlural="" target="org.faktorips.schulung.model.internal.hausrat.HausratGrunddeckungsTyp">
            <Descriptions>
                <Description locale="de"/>
            </Descriptions>
            <Labels>
                <Label locale="de" pluralValue="" value=""/>
            </Labels>
            <ExtensionProperties/>
        </ModelTypeAssociation>
    </ModelTypeAssociations>
    <ModelTypeAttributes>
        <ModelTypeAttribute attributeType="changeable" datatype="java.lang.String" isProductRelevant="true" name="produktname" valueSetType="AllValues">
            <Descriptions>
                <Description locale="de"/>
            </Descriptions>
            <Labels>
                <Label locale="de" value=""/>
            </Labels>
            <ExtensionProperties/>
        </ModelTypeAttribute>
        <ModelTypeAttribute attributeType="changeable" datatype="java.lang.String" isProductRelevant="true" name="vertriebsname" valueSetType="AllValues">
            <Descriptions>
                <Description locale="de"/>
            </Descriptions>
            <Labels>
                <Label locale="de" value=""/>
            </Labels>
            <ExtensionProperties/>
        </ModelTypeAttribute>
        <ModelTypeAttribute attributeType="changeable" datatype="org.faktorips.values.Money" isProductRelevant="true" name="vorschlagVersSummeProQm" valueSetType="AllValues">
            <Descriptions>
                <Description locale="de"/>
            </Descriptions>
            <Labels>
                <Label locale="de" value=""/>
            </Labels>
            <ExtensionProperties/>
        </ModelTypeAttribute>
    </ModelTypeAttributes>
</ModelType>
