<?xml version="1.0" encoding="UTF-8"?>
<ProductCmpt productCmptType="hausrat.HausratZusatzdeckungsTyp" runtimeId="hausrat.HRD-Überspannung 2012-01" xml:space="preserve">
    <validTo isNull="true"/>
    <Description id="9f38e60b-efef-4306-9596-ea216395abab" locale="de"/>
    <Generation id="836a8923-e0ba-449e-9607-d45c66840d70" validFrom="2012-01-01">
        <AttributeValue attribute="bezeichnung" id="5ee24bb4-6a75-477b-88dd-aea51c38035e">
            <Value isNull="false">Überspannungsschutz</Value>
        </AttributeValue>
        <AttributeValue attribute="versSummeFaktor" id="b1f27ca7-25d7-49a2-b442-de3cff10bdb5">
            <Value isNull="false">0.05</Value>
        </AttributeValue>
        <AttributeValue attribute="maximaleVersSumme" id="d259bcb2-ea11-4d6e-89e6-77bd670eb924">
            <Value isNull="true"/>
        </AttributeValue>
        <Formula formulaSignature="jahresbeitrag" id="1db6d00a-03fd-4fe3-9859-5bfa0b9ad316">
            <Expression isNull="false">10EUR + 0.03 * versSumme</Expression>
            <Description id="45c4eb94-576b-4ded-ba1e-24d287d0f5c6" locale="de"/>
            <compiledExpression><![CDATA[import org.faktorips.values.Money;
import org.faktorips.values.Decimal;
import java.math.BigDecimal;


public Money computeJahresbeitrag(Money versSumme)
{
return Money.valueOf("10EUR").add(versSumme.multiply(Decimal.valueOf("0.03"), BigDecimal.ROUND_HALF_UP));
}

]]></compiledExpression>
        </Formula>
    </Generation>
</ProductCmpt>
