<?xml version="1.0" encoding="UTF-8"?>
<ProductCmpt productCmptType="hausrat.HausratProdukt" runtimeId="hausrat.HR-Optimal 2012-01" xml:space="preserve">
    <validTo isNull="true"/>
    <Description id="8b6a2ecb-dea0-4888-a653-44f7fa993658" locale="de"/>
    <Generation id="540b836c-d495-4aa9-9123-cfb190d5d16c" validFrom="2012-01-01">
        <AttributeValue attribute="produktname" id="ea7cf298-d3cd-47bc-a31c-5c751e63e6af">
            <Value isNull="false">HR-Optimal</Value>
        </AttributeValue>
        <AttributeValue attribute="vertriebsname" id="31c29172-adcf-4536-9111-a8b3db973786">
            <Value isNull="false">Hausrat Optimal</Value>
        </AttributeValue>
    </Generation>
</ProductCmpt>
