<?xml version="1.0" encoding="UTF-8" standalone="no"?>
<FaktorIps-TableOfContents productDataVersion="1316503086294" xmlversion="3.0">
    <EnumContent implementationClass="org.faktorips.schulung.model.hausrat.Zahlweise" ipsObjectId="produktdaten/hausrat/Zahlweise.ipsenumcontent" ipsObjectQualifiedName="hausrat.Zahlweise" xmlResource="org/faktorips/schulung/produktdaten/internal/hausrat/Zahlweise.xml"/>
    <ProductComponent generationImplClassName="org.faktorips.schulung.model.internal.hausrat.HausratProduktAnpStufe" implementationClass="org.faktorips.schulung.model.internal.hausrat.HausratProdukt" ipsObjectId="hausrat.HR-Kompakt 2012-01" ipsObjectQualifiedName="produkte.HR-Kompakt 2012-01" kindId="hausrat.HR-Kompakt" versionId="2012-01" xmlResource="org/faktorips/schulung/produktdaten/internal/produkte/HR-Kompakt 2012-01.xml">
        <Generation implementationClass="org.faktorips.schulung.model.internal.hausrat.HausratProduktAnpStufe" validFrom="2012-01-01" xmlResource="org/faktorips/schulung/produktdaten/internal/produkte/HR-Kompakt 2012-01.xml"/>
    </ProductComponent>
    <ProductComponent generationImplClassName="org.faktorips.schulung.model.internal.hausrat.HausratProduktAnpStufe" implementationClass="org.faktorips.schulung.model.internal.hausrat.HausratProdukt" ipsObjectId="hausrat.HR-Optimal 2012-01" ipsObjectQualifiedName="produkte.HR-Optimal 2012-01" kindId="hausrat.HR-Optimal" versionId="2012-01" xmlResource="org/faktorips/schulung/produktdaten/internal/produkte/HR-Optimal 2012-01.xml">
        <Generation implementationClass="org.faktorips.schulung.model.internal.hausrat.HausratProduktAnpStufe" validFrom="2012-01-01" xmlResource="org/faktorips/schulung/produktdaten/internal/produkte/HR-Optimal 2012-01.xml"/>
    </ProductComponent>
    <ProductComponent generationImplClassName="org.faktorips.schulung.model.internal.hausrat.HausratZusatzdeckungsTypAnpStufe" implementationClass="org.faktorips.schulung.model.internal.hausrat.HausratZusatzdeckungsTyp" ipsObjectId="hausrat.HRD-Fahraddiebstahl 2012-01" ipsObjectQualifiedName="produkte.HRD-Fahraddiebstahl 2012-01" kindId="hausrat.HRD-Fahraddiebstahl" versionId="2012-01" xmlResource="org/faktorips/schulung/produktdaten/internal/produkte/HRD-Fahraddiebstahl 2012-01.xml">
        <Generation implementationClass="org.faktorips.schulung.produktdaten.internal.produkte.HRD__Fahraddiebstahl___2012__01___20120101" validFrom="2012-01-01" xmlResource="org/faktorips/schulung/produktdaten/internal/produkte/HRD-Fahraddiebstahl 2012-01.xml"/>
    </ProductComponent>
    <ProductComponent generationImplClassName="org.faktorips.schulung.model.internal.hausrat.HausratGrunddeckungsTypAnpStufe" implementationClass="org.faktorips.schulung.model.internal.hausrat.HausratGrunddeckungsTyp" ipsObjectId="hausrat.HRD-Kompakt 2012-01" ipsObjectQualifiedName="produkte.HRD-Kompakt 2012-01" kindId="hausrat.HRD-Kompakt" versionId="2012-01" xmlResource="org/faktorips/schulung/produktdaten/internal/produkte/HRD-Kompakt 2012-01.xml">
        <Generation implementationClass="org.faktorips.schulung.model.internal.hausrat.HausratGrunddeckungsTypAnpStufe" validFrom="2012-01-01" xmlResource="org/faktorips/schulung/produktdaten/internal/produkte/HRD-Kompakt 2012-01.xml"/>
    </ProductComponent>
    <ProductComponent generationImplClassName="org.faktorips.schulung.model.internal.hausrat.HausratGrunddeckungsTypAnpStufe" implementationClass="org.faktorips.schulung.model.internal.hausrat.HausratGrunddeckungsTyp" ipsObjectId="hausrat.HRD-Optimal 2012-01" ipsObjectQualifiedName="produkte.HRD-Optimal 2012-01" kindId="hausrat.HRD-Optimal" versionId="2012-01" xmlResource="org/faktorips/schulung/produktdaten/internal/produkte/HRD-Optimal 2012-01.xml">
        <Generation implementationClass="org.faktorips.schulung.model.internal.hausrat.HausratGrunddeckungsTypAnpStufe" validFrom="2012-01-01" xmlResource="org/faktorips/schulung/produktdaten/internal/produkte/HRD-Optimal 2012-01.xml"/>
    </ProductComponent>
    <ProductComponent generationImplClassName="org.faktorips.schulung.model.internal.hausrat.HausratZusatzdeckungsTypAnpStufe" implementationClass="org.faktorips.schulung.model.internal.hausrat.HausratZusatzdeckungsTyp" ipsObjectId="hausrat.HRD-Überspannung 2012-01" ipsObjectQualifiedName="produkte.HRD-Überspannung 2012-01" kindId="hausrat.HRD-Überspannung" versionId="2012-01" xmlResource="org/faktorips/schulung/produktdaten/internal/produkte/HRD-Überspannung 2012-01.xml">
        <Generation implementationClass="org.faktorips.schulung.produktdaten.internal.produkte.HRD__Überspannung___2012__01___20120101" validFrom="2012-01-01" xmlResource="org/faktorips/schulung/produktdaten/internal/produkte/HRD-Überspannung 2012-01.xml"/>
    </ProductComponent>
    <TableContent implementationClass="org.faktorips.schulung.model.internal.hausrat.TariftabelleHausrat" ipsObjectId="produkte.Tariftabelle-Kompakt" ipsObjectQualifiedName="produkte.Tariftabelle-Kompakt" xmlResource="org/faktorips/schulung/produktdaten/internal/produkte/Tariftabelle-Kompakt.xml"/>
    <TableContent implementationClass="org.faktorips.schulung.model.internal.hausrat.TariftabelleHausrat" ipsObjectId="produkte.Tariftabelle-Optimal" ipsObjectQualifiedName="produkte.Tariftabelle-Optimal" xmlResource="org/faktorips/schulung/produktdaten/internal/produkte/Tariftabelle-Optimal.xml"/>
    <TableContent implementationClass="org.faktorips.schulung.model.internal.hausrat.Tarifzonentabelle" ipsObjectId="produkte.Tarifzonentabelle" ipsObjectQualifiedName="produkte.Tarifzonentabelle" xmlResource="org/faktorips/schulung/produktdaten/internal/produkte/Tarifzonentabelle.xml"/>
</FaktorIps-TableOfContents>
