<?xml version="1.0" encoding="UTF-8"?>
<EnumContent enumType="hausrat.Zahlweise" xml:space="preserve">
    <Description id="6ce1a938-8298-42bf-a533-9ffd91790618" locale="de"/>
    <EnumValue id="1df23e15-3104-4a51-ab08-4dddb5d55e3c">
        <Description id="60422854-dbe1-408c-8112-4966f8e0a8d1" locale="de"/>
        <EnumAttributeValue id="09b525ae-103e-4cd8-8ea4-254b64922a17" isNull="false">J</EnumAttributeValue>
        <EnumAttributeValue id="ee942721-9f9b-4c1b-b4a6-21a5767f7a44" isNull="false">Jährlich</EnumAttributeValue>
        <EnumAttributeValue id="538c262a-7ff5-406d-9bbc-426c70720e5e" isNull="false">1</EnumAttributeValue>
    </EnumValue>
    <EnumValue id="620a6148-365c-493e-aa8f-c66088e1a12f">
        <Description id="e389082d-3ebf-4a24-a6a6-4deb1302d767" locale="de"/>
        <EnumAttributeValue id="6fc6039e-3ffe-44df-b264-7824920d13ac" isNull="false">H</EnumAttributeValue>
        <EnumAttributeValue id="2f186b86-9188-4004-9350-a593c1c4b913" isNull="false">Halbjährlich</EnumAttributeValue>
        <EnumAttributeValue id="f692e583-8e9e-4490-9cf4-d10be338e181" isNull="false">2</EnumAttributeValue>
    </EnumValue>
    <EnumValue id="0fc8bc8e-e7ed-472b-bd6e-66ae72bbe5a1">
        <Description id="4c7576c1-f2df-4023-b8e1-3817bbf9f322" locale="de"/>
        <EnumAttributeValue id="4cfe897c-f937-42fb-b2ce-2d535ee3aecb" isNull="false">Q</EnumAttributeValue>
        <EnumAttributeValue id="54db3388-1be2-4d36-88f3-ebd74d902e15" isNull="false">Quartalsweise</EnumAttributeValue>
        <EnumAttributeValue id="4149c881-10e6-4cde-bcb9-d856484499fa" isNull="false">4</EnumAttributeValue>
    </EnumValue>
    <EnumValue id="c5f5010a-c241-4267-910e-242cfeb26342">
        <Description id="922040e3-055b-4fc7-9651-fe3f3cc04863" locale="de"/>
        <EnumAttributeValue id="753c6526-7779-4530-8859-ecd2d777f252" isNull="false">M</EnumAttributeValue>
        <EnumAttributeValue id="d68a6c23-e244-4f7e-840c-f35e1127e6af" isNull="false">Monatlich</EnumAttributeValue>
        <EnumAttributeValue id="1958e83f-87b8-4b2e-9dc5-8bc45f84ef36" isNull="false">12</EnumAttributeValue>
    </EnumValue>
    <EnumAttributeReference id="56442193-43db-4964-840f-14856ae2f040" name="id"/>
    <EnumAttributeReference id="35db772e-e46e-4bf4-a942-0bd7bdc96e44" name="name"/>
    <EnumAttributeReference id="d43ae827-50f2-4d7c-9797-4bf71e1c6760" name="anzahlZahlungenProJahr"/>
</EnumContent>
