<?xml version="1.0" encoding="UTF-8"?>
<ProductCmpt productCmptType="hausrat.HausratProdukt" runtimeId="hausrat.HR-Kompakt 2012-01" xml:space="preserve">
    <validTo isNull="true"/>
    <Description id="dd7042de-2345-4ffd-b85b-c603953b9484" locale="de"/>
    <Generation id="bf79beae-a520-4f63-8fe0-3ff81c82e8de" validFrom="2012-01-01">
        <AttributeValue attribute="produktname" id="6d71ec50-0b69-4a3f-83dc-e6fddabbade4">
            <Value isNull="false">HR-Kompakt</Value>
        </AttributeValue>
        <AttributeValue attribute="vertriebsname" id="3271b41d-54f3-4ecb-a828-23c49e2092ad">
            <Value isNull="false">Hausrat Kompakt</Value>
        </AttributeValue>
        <AttributeValue attribute="vorschlagVersSummeProQm" id="63fb82c0-5973-4704-95e4-3c734f618e21">
            <Value isNull="false">600.00 EUR</Value>
        </AttributeValue>
        <ConfigElement attribute="zahlweise" id="d7e20c39-54b0-4a17-8245-d3a1f9ddd431">
            <Value isNull="false">J</Value>
            <Description id="78c27cbb-63b8-471d-b7c4-ac8c2904b7f3" locale="de"/>
            <ValueSet abstract="false" id="10c099e5-a10a-42b4-ba22-530b9441230c">
                <Enum>
                    <Value>
                        <Data isNull="false">J</Data>
                    </Value>
                    <Value>
                        <Data isNull="false">H</Data>
                    </Value>
                    <Value>
                        <Data isNull="false">Q</Data>
                    </Value>
                </Enum>
            </ValueSet>
        </ConfigElement>
        <ConfigElement attribute="versSumme" id="d5f12988-ec3e-4b26-b481-f5e11aa044e0">
            <Value isNull="true"/>
            <Description id="54ab3cd1-dcb4-4e4d-a781-a94dc2c9fd40" locale="de"/>
            <ValueSet abstract="false" id="073db273-3755-490e-b477-f28f4c9b5326">
                <Range containsNull="false">
                    <LowerBound isNull="false">10000.00 EUR</LowerBound>
                    <UpperBound isNull="false">2000000.00 EUR</UpperBound>
                    <Step isNull="true"/>
                </Range>
            </ValueSet>
        </ConfigElement>
        <ConfigElement attribute="wohnflaeche" id="d1cd519e-3210-4749-b2f7-513eebfc7677">
            <Value isNull="true"/>
            <Description id="20cf2fc2-d296-41ac-92e3-56367c054e04" locale="de"/>
            <ValueSet abstract="false" id="d87fda62-38bb-40c5-a339-1f6c4aa9343d">
                <Range containsNull="false">
                    <LowerBound isNull="false">0</LowerBound>
                    <UpperBound isNull="false">1000</UpperBound>
                    <Step isNull="true"/>
                </Range>
            </ValueSet>
        </ConfigElement>
        <Link association="HausratGrunddeckungsTyp" defaultCardinality="0" id="ee2b0018-74ea-4bf9-8950-2c7fc2e09a67" maxCardinality="1" minCardinality="0" target="produkte.HRD-Kompakt 2012-01" targetRuntimeId="hausrat.HRD-Kompakt 2012-01">
            <Description id="0583e77e-b1b2-4812-b8b7-e6f796b05e8e" locale="de"/>
        </Link>
    </Generation>
</ProductCmpt>
