<?xml version="1.0" encoding="UTF-8"?>
<ProductCmpt productCmptType="hausrat.HausratProdukt" runtimeId="hausrat.HR-Optimal 2012-01" xml:space="preserve">
    <validTo isNull="true"/>
    <Description id="8b6a2ecb-dea0-4888-a653-44f7fa993658" locale="de"/>
    <Generation id="540b836c-d495-4aa9-9123-cfb190d5d16c" validFrom="2012-01-01">
        <AttributeValue attribute="produktname" id="ea7cf298-d3cd-47bc-a31c-5c751e63e6af">
            <Value isNull="false">HR-Optimal</Value>
        </AttributeValue>
        <AttributeValue attribute="vertriebsname" id="31c29172-adcf-4536-9111-a8b3db973786">
            <Value isNull="false">Hausrat Optimal</Value>
        </AttributeValue>
        <AttributeValue attribute="vorschlagVersSummeProQm" id="0a68dbf9-c853-4774-9bec-d164305dedc1">
            <Value isNull="false">900.00 EUR</Value>
        </AttributeValue>
        <ConfigElement attribute="zahlweise" id="360ac939-2fd9-4c49-960e-27bedab54f53">
            <Value isNull="false">J</Value>
            <Description id="c6853f19-2627-4b63-8c80-bfe93575f430" locale="de"/>
            <ValueSet abstract="false" id="68fe03c0-e899-4fbb-b581-e4e454656689">
                <Enum>
                    <Value>
                        <Data isNull="false">J</Data>
                    </Value>
                    <Value>
                        <Data isNull="false">H</Data>
                    </Value>
                    <Value>
                        <Data isNull="false">Q</Data>
                    </Value>
                    <Value>
                        <Data isNull="false">M</Data>
                    </Value>
                </Enum>
            </ValueSet>
        </ConfigElement>
        <ConfigElement attribute="versSumme" id="750b5930-85f3-4f3b-b183-21efce10c11e">
            <Value isNull="true"/>
            <Description id="c9cae973-3388-441c-bccd-8515c891ca22" locale="de"/>
            <ValueSet abstract="false" id="d0847c28-e460-4cb4-9ccf-50d4aee5dca6">
                <Range containsNull="false">
                    <LowerBound isNull="false">10000.00 EUR</LowerBound>
                    <UpperBound isNull="false">5000000.00 EUR</UpperBound>
                    <Step isNull="true"/>
                </Range>
            </ValueSet>
        </ConfigElement>
        <ConfigElement attribute="wohnflaeche" id="3e2622c2-138d-4e27-a253-1861317898d6">
            <Value isNull="true"/>
            <Description id="2ba42a0b-1d35-45c2-8788-2fc724eda1f5" locale="de"/>
            <ValueSet abstract="false" id="f1794248-4983-40e8-a195-1cce82de1012">
                <Range containsNull="false">
                    <LowerBound isNull="false">0</LowerBound>
                    <UpperBound isNull="false">2000</UpperBound>
                    <Step isNull="true"/>
                </Range>
            </ValueSet>
        </ConfigElement>
        <Link association="HausratGrunddeckungsTyp" defaultCardinality="0" id="e3232269-d34c-40b9-95db-6a74db126bfb" maxCardinality="1" minCardinality="0" target="produkte.HRD-Optimal 2012-01" targetRuntimeId="hausrat.HRD-Optimal 2012-01">
            <Description id="3f021de5-0e78-4e81-a6b2-15fe2389c4a4" locale="de"/>
        </Link>
    </Generation>
</ProductCmpt>
