<?xml version="1.0" encoding="UTF-8"?>
<ProductCmpt productCmptType="hausrat.HausratGrunddeckungsTyp" runtimeId="hausrat.HRD-Kompakt 2012-01" xml:space="preserve">
    <validTo isNull="true"/>
    <Description id="c10c5250-75fb-438f-b3aa-d036aaf2f83c" locale="de"/>
    <Generation id="7b8602d6-34ad-42c6-aeb2-8b26faff67dd" validFrom="2012-01-01">
        <TableContentUsage id="2c6b7c27-f7a0-47fa-8c61-30985ab9ab4d" structureUsage="Tariftabelle">
            <TableContentName isNull="false">produkte.Tariftabelle-Kompakt</TableContentName>
        </TableContentUsage>
    </Generation>
</ProductCmpt>
