<?xml version="1.0" encoding="UTF-8"?>
<TableContents numOfColumns="2" tableStructure="hausrat.TariftabelleHausrat" xml:space="preserve">
    <validTo isNull="true"/>
    <Description id="8376edbf-b7ac-4509-976d-dbe2b9e7fbfe" locale="de"/>
    <Generation id="c4062196-ff3d-4215-9aad-d30e0b423c92" validFrom="2012-01-01">
        <Row id="ecc8bf31-0da6-4dab-a007-b360d3d740fe">
            <Value isNull="false">I</Value>
            <Value isNull="false">0.8</Value>
        </Row>
        <Row id="fed7a667-1bae-4641-98ac-a62fe95358b6">
            <Value isNull="false">II</Value>
            <Value isNull="false">1</Value>
        </Row>
        <Row id="9e78a98d-d316-4dec-9cbb-72452b7af81c">
            <Value isNull="false">III</Value>
            <Value isNull="false">1.44</Value>
        </Row>
        <Row id="df02045b-193a-4494-a56d-16fb822c79d1">
            <Value isNull="false">IV</Value>
            <Value isNull="false">1.70</Value>
        </Row>
        <Row id="995fe7db-5615-4471-ba7b-fd7edaf0136b">
            <Value isNull="false">V</Value>
            <Value isNull="false">2.0</Value>
        </Row>
        <Row id="cb46381a-1bda-4251-866f-153d84075951">
            <Value isNull="false">VI</Value>
            <Value isNull="false">2.2</Value>
        </Row>
    </Generation>
</TableContents>
