<?xml version="1.0" encoding="UTF-8"?>
<ModelType class="org.faktorips.schulung.model.internal.hausrat.HausratZusatzdeckung" name="hausrat.HausratZusatzdeckung" supertype="org.faktorips.schulung.model.internal.hausrat.HausratDeckung" xml:space="preserve">
    <Labels>
        <Label locale="de" value=""/>
    </Labels>
    <Descriptions>
        <Description locale="de"/>
    </Descriptions>
    <ExtensionProperties/>
    <ModelTypeAssociations>
        <ModelTypeAssociation associationType="CompositionToMaster" inverseAssociation="HausratZusatzdeckung" isDerivedUnion="false" isProductRelevant="false" isSubsetOfADerivedUnion="false" isTargetRolePluralRequired="false" maxCardinality="1" minCardinality="0" name="HausratVertrag" namePlural="" target="org.faktorips.schulung.model.internal.hausrat.HausratVertrag">
            <Descriptions>
                <Description locale="de"/>
            </Descriptions>
            <Labels>
                <Label locale="de" pluralValue="" value=""/>
            </Labels>
            <ExtensionProperties/>
        </ModelTypeAssociation>
    </ModelTypeAssociations>
    <ModelTypeAttributes>
        <ModelTypeAttribute attributeType="derived" datatype="org.faktorips.values.Money" isProductRelevant="false" name="versSumme" valueSetType="AllValues">
            <Descriptions>
                <Description locale="de"/>
            </Descriptions>
            <Labels>
                <Label locale="de" value=""/>
            </Labels>
            <ExtensionProperties/>
        </ModelTypeAttribute>
    </ModelTypeAttributes>
</ModelType>
