<?xml version="1.0" encoding="UTF-8"?>
<ModelType class="org.faktorips.schulung.model.internal.hausrat.HausratProdukt" name="hausrat.HausratProdukt" supertype="" xml:space="preserve">
    <Labels>
        <Label locale="de" value=""/>
    </Labels>
    <Descriptions>
        <Description locale="de"/>
    </Descriptions>
    <ExtensionProperties/>
    <ModelTypeAttributes>
        <ModelTypeAttribute attributeType="changeable" datatype="java.lang.String" isProductRelevant="true" name="produktname" valueSetType="AllValues">
            <Descriptions>
                <Description locale="de"/>
            </Descriptions>
            <Labels>
                <Label locale="de" value=""/>
            </Labels>
            <ExtensionProperties/>
        </ModelTypeAttribute>
        <ModelTypeAttribute attributeType="changeable" datatype="java.lang.String" isProductRelevant="true" name="vertriebsname" valueSetType="AllValues">
            <Descriptions>
                <Description locale="de"/>
            </Descriptions>
            <Labels>
                <Label locale="de" value=""/>
            </Labels>
            <ExtensionProperties/>
        </ModelTypeAttribute>
    </ModelTypeAttributes>
</ModelType>
