<?xml version="1.0" encoding="UTF-8"?>
<ModelType class="org.faktorips.schulung.model.internal.hausrat.HausratVertrag" name="hausrat.HausratVertrag" supertype="" xml:space="preserve">
    <Labels>
        <Label locale="de" value=""/>
    </Labels>
    <Descriptions>
        <Description locale="de"/>
    </Descriptions>
    <ExtensionProperties/>
    <ModelTypeAssociations>
        <ModelTypeAssociation associationType="Composition" inverseAssociation="" isDerivedUnion="false" isProductRelevant="false" isSubsetOfADerivedUnion="false" isTargetRolePluralRequired="false" maxCardinality="1" minCardinality="0" name="HausratGrunddeckung" namePlural="" target="org.faktorips.schulung.model.internal.hausrat.HausratGrunddeckung">
            <Descriptions>
                <Description locale="de"/>
            </Descriptions>
            <Labels>
                <Label locale="de" pluralValue="" value=""/>
            </Labels>
            <ExtensionProperties/>
        </ModelTypeAssociation>
    </ModelTypeAssociations>
    <ModelTypeAttributes>
        <ModelTypeAttribute attributeType="changeable" datatype="java.lang.Integer" isProductRelevant="false" name="zahlweise" valueSetType="Enum">
            <Descriptions>
                <Description locale="de"/>
            </Descriptions>
            <Labels>
                <Label locale="de" value=""/>
            </Labels>
            <ExtensionProperties/>
        </ModelTypeAttribute>
        <ModelTypeAttribute attributeType="changeable" datatype="java.lang.String" isProductRelevant="false" name="plz" valueSetType="AllValues">
            <Descriptions>
                <Description locale="de"/>
            </Descriptions>
            <Labels>
                <Label locale="de" value=""/>
            </Labels>
            <ExtensionProperties/>
        </ModelTypeAttribute>
        <ModelTypeAttribute attributeType="derived" datatype="java.lang.String" isProductRelevant="false" name="tarifzone" valueSetType="AllValues">
            <Descriptions>
                <Description locale="de"/>
            </Descriptions>
            <Labels>
                <Label locale="de" value=""/>
            </Labels>
            <ExtensionProperties/>
        </ModelTypeAttribute>
        <ModelTypeAttribute attributeType="changeable" datatype="java.lang.Integer" isProductRelevant="false" name="wohnflaeche" valueSetType="Range">
            <Descriptions>
                <Description locale="de"/>
            </Descriptions>
            <Labels>
                <Label locale="de" value=""/>
            </Labels>
            <ExtensionProperties/>
        </ModelTypeAttribute>
        <ModelTypeAttribute attributeType="derived" datatype="org.faktorips.values.Money" isProductRelevant="false" name="vorschlagVersSumme" valueSetType="AllValues">
            <Descriptions>
                <Description locale="de"/>
            </Descriptions>
            <Labels>
                <Label locale="de" value=""/>
            </Labels>
            <ExtensionProperties/>
        </ModelTypeAttribute>
        <ModelTypeAttribute attributeType="changeable" datatype="org.faktorips.values.Money" isProductRelevant="false" name="versSumme" valueSetType="Range">
            <Descriptions>
                <Description locale="de"/>
            </Descriptions>
            <Labels>
                <Label locale="de" value=""/>
            </Labels>
            <ExtensionProperties/>
        </ModelTypeAttribute>
    </ModelTypeAttributes>
</ModelType>
