<?xml version="1.0" encoding="UTF-8"?>
<ProductCmpt productCmptType="hausrat.HausratZusatzdeckungsTyp" runtimeId="hausrat.HRD-Fahraddiebstahl 2012-01" xml:space="preserve">
    <validTo isNull="true"/>
    <Description id="1af2b353-e7d5-4e78-bc1f-de033539dd56" locale="de"/>
    <Generation id="815fcd7e-9b7f-4117-9d67-35dbcc95f8ba" validFrom="2012-01-01">
        <AttributeValue attribute="bezeichnung" id="ef8c95e4-cdf5-4280-b3e5-bc1fe203d07d">
            <Value isNull="false">Fahrraddiebstahl</Value>
        </AttributeValue>
        <AttributeValue attribute="versSummeFaktor" id="402a5921-5549-4627-bf35-25117971c361">
            <Value isNull="false">0.01</Value>
        </AttributeValue>
        <AttributeValue attribute="maximaleVersSumme" id="f8a491e2-3e1e-46cd-b99e-94b8983651c8">
            <Value isNull="false">3000.00 EUR</Value>
        </AttributeValue>
        <Formula formulaSignature="jahresbeitrag" id="306d2b0f-702f-43fc-b487-a982eda04b64">
            <Expression isNull="false">0.1 * versSumme</Expression>
            <Description id="028b5401-a964-4aee-af52-a80b8dcdd53f" locale="de"/>
            <compiledExpression><![CDATA[import org.faktorips.values.Money;
import org.faktorips.values.Decimal;
import java.math.BigDecimal;


public Money computeJahresbeitrag(Money versSumme)
{
return versSumme.multiply(Decimal.valueOf("0.1"), BigDecimal.ROUND_HALF_UP);
}

]]></compiledExpression>
        </Formula>
    </Generation>
</ProductCmpt>
