<?xml version="1.0" encoding="UTF-8" standalone="no"?>
<FaktorIps-TableOfContents productDataVersion="1316619593312" xmlversion="3.0">
    <PolicyCmptType implementationClass="org.faktorips.schulung.model.internal.hausrat.HausratDeckung" ipsObjectId="hausrat.HausratDeckung" ipsObjectQualifiedName="hausrat.HausratDeckung" xmlResource="org/faktorips/schulung/model/internal/hausrat/HausratDeckung.xml"/>
    <ProductCmptType implementationClass="org.faktorips.schulung.model.internal.hausrat.HausratDeckungsTyp" ipsObjectId="hausrat.HausratDeckungsTyp" ipsObjectQualifiedName="hausrat.HausratDeckungsTyp" xmlResource="org/faktorips/schulung/model/internal/hausrat/HausratDeckungsTyp.xml"/>
    <PolicyCmptType implementationClass="org.faktorips.schulung.model.internal.hausrat.HausratGrunddeckung" ipsObjectId="hausrat.HausratGrunddeckung" ipsObjectQualifiedName="hausrat.HausratGrunddeckung" xmlResource="org/faktorips/schulung/model/internal/hausrat/HausratGrunddeckung.xml"/>
    <ProductCmptType implementationClass="org.faktorips.schulung.model.internal.hausrat.HausratGrunddeckungsTyp" ipsObjectId="hausrat.HausratGrunddeckungsTyp" ipsObjectQualifiedName="hausrat.HausratGrunddeckungsTyp" xmlResource="org/faktorips/schulung/model/internal/hausrat/HausratGrunddeckungsTyp.xml"/>
    <ProductCmptType implementationClass="org.faktorips.schulung.model.internal.hausrat.HausratProdukt" ipsObjectId="hausrat.HausratProdukt" ipsObjectQualifiedName="hausrat.HausratProdukt" xmlResource="org/faktorips/schulung/model/internal/hausrat/HausratProdukt.xml"/>
    <PolicyCmptType implementationClass="org.faktorips.schulung.model.internal.hausrat.HausratVertrag" ipsObjectId="hausrat.HausratVertrag" ipsObjectQualifiedName="hausrat.HausratVertrag" xmlResource="org/faktorips/schulung/model/internal/hausrat/HausratVertrag.xml"/>
    <PolicyCmptType implementationClass="org.faktorips.schulung.model.internal.hausrat.HausratZusatzdeckung" ipsObjectId="hausrat.HausratZusatzdeckung" ipsObjectQualifiedName="hausrat.HausratZusatzdeckung" xmlResource="org/faktorips/schulung/model/internal/hausrat/HausratZusatzdeckung.xml"/>
    <ProductCmptType implementationClass="org.faktorips.schulung.model.internal.hausrat.HausratZusatzdeckungsTyp" ipsObjectId="hausrat.HausratZusatzdeckungsTyp" ipsObjectQualifiedName="hausrat.HausratZusatzdeckungsTyp" xmlResource="org/faktorips/schulung/model/internal/hausrat/HausratZusatzdeckungsTyp.xml"/>
</FaktorIps-TableOfContents>
